best_model_train_loss,best_model_val_loss,best_model_train_acc,best_model_val_acc,best_model_learning_rate,best_model_nb_epoch
0.057405032217502594,0.06526950746774673,0.9832208752632141,0.9812906384468079,0.0010000000474974513,0
