best_model_train_loss,best_model_val_loss,best_model_train_acc,best_model_val_acc,best_model_learning_rate,best_model_nb_epoch
0.08066429197788239,0.41974496841430664,0.9685715436935425,0.8683712482452393,0.0010000000474974513,24
