best_model_train_loss,best_model_val_loss,best_model_train_acc,best_model_val_acc,best_model_learning_rate,best_model_nb_epoch
0.033363502472639084,0.11011218279600143,0.9875141978263855,0.9618579149246216,0.0010000000474974513,24
