best_model_train_loss,best_model_val_loss,best_model_train_acc,best_model_val_acc,best_model_learning_rate,best_model_nb_epoch
0.14081528782844543,0.3583100140094757,0.9506091475486755,0.8866493701934814,0.0010000000474974513,41
