best_model_train_loss,best_model_val_loss,best_model_train_acc,best_model_val_acc,best_model_learning_rate,best_model_nb_epoch
0.12074816226959229,0.3725271224975586,0.9576953053474426,0.8844638466835022,0.0010000000474974513,19
