best_model_train_loss,best_model_val_loss,best_model_train_acc,best_model_val_acc,best_model_learning_rate,best_model_nb_epoch
0.04561307281255722,0.2793382406234741,0.9833658337593079,0.9202473163604736,0.0010000000474974513,24
