best_model_train_loss,best_model_val_loss,best_model_train_acc,best_model_val_acc,best_model_learning_rate,best_model_nb_epoch
0.19421446323394775,0.27554449439048767,0.9377762675285339,0.9160493612289429,0.0010000000474974513,9
