best_model_train_loss,best_model_val_loss,best_model_train_acc,best_model_val_acc,best_model_learning_rate,best_model_nb_epoch
0.09400742501020432,0.09934394806623459,0.9740239381790161,0.9730578660964966,0.0010000000474974513,0
