best_model_train_loss,best_model_val_loss,best_model_train_acc,best_model_val_acc,best_model_learning_rate,best_model_nb_epoch
0.12309666723012924,0.23605819046497345,0.9523787498474121,0.9109399914741516,0.0010000000474974513,24
