best_model_train_loss,best_model_val_loss,best_model_train_acc,best_model_val_acc,best_model_learning_rate,best_model_nb_epoch
0.25734850764274597,0.35080936551094055,0.9189541935920715,0.8993550539016724,0.0010000000474974513,9
