best_model_train_loss,best_model_val_loss,best_model_train_acc,best_model_val_acc,best_model_learning_rate,best_model_nb_epoch
0.02477758564054966,0.08704951405525208,0.9908108115196228,0.9726282954216003,0.0010000000474974513,8
