best_model_train_loss,best_model_val_loss,best_model_train_acc,best_model_val_acc,best_model_learning_rate,best_model_nb_epoch
0.0062852706760168076,0.05468092858791351,0.9977697730064392,0.9896470308303833,0.0010000000474974513,4
