precision,accuracy,recall,duration
0.5339519183697418,0.499807750682991,0.5014651892509374,2130.6524605751038
