precision,accuracy,recall,duration
0.8912874834082543,0.8844638713507096,0.8855900237129339,3511.424073457718
