precision,accuracy,recall,duration
0.923638793456627,0.9202473072286814,0.9100746617215879,8173.358230113983
