precision,accuracy,recall,duration
0.9158565290150744,0.9730578819424814,0.5537907001032158,52.90860438346863
