precision,accuracy,recall,duration
0.9739824057851212,0.9726282861096072,0.9725791649869908,881.6978070735931
