precision,accuracy,recall,duration
0.6794153181865525,0.8993550301779619,0.5231729356541991,3526.91180229187
