precision,accuracy,recall,duration
0.6016122818624321,0.8806132907264451,0.4116074620641318,338.4608862400055
