precision,accuracy,recall,duration
0.8886639641009588,0.8683712246600374,0.8616440397809828,6456.817859649658
