precision,accuracy,recall,duration
0.8877183507527977,0.8751956181533647,0.8718570946519709,11710.414938688278
