precision,accuracy,recall,duration
0.10893139038051115,0.11260860180238519,0.10889858131826075,18062.277886152267
