precision,accuracy,recall,duration
0.9526376953811149,0.9917103834330024,0.8606303607414727,238.95120453834534
