precision,accuracy,recall,duration
0.9146206337680678,0.9896470588235294,0.8596716401734246,1796.2971057891846
