precision,accuracy,recall,duration
0.543879191211923,0.8657123827994244,0.32289966584450663,424.5286819934845
