precision,accuracy,recall,duration
0.9105308059981465,0.91094,0.9109970723412992,9337.204868793488
