precision,accuracy,recall,duration
0.8883000755702579,0.886649398305542,0.8901107407386157,5905.714779615402
