precision,accuracy,recall,duration
0.8762120726288564,0.8733432199462415,0.8706379314216628,1253.4089939594269
