precision,accuracy,recall,duration
0.9304727148084009,0.9812906647664471,0.6700965877155522,357.45481419563293
