precision,accuracy,recall,duration
0.7114659794221033,0.9160493827160494,0.5821940979648529,1135.8157906532288
