precision,accuracy,recall,duration
0.6569555138008536,0.6438774467902091,0.6346055982197228,90.45429229736328
