precision,accuracy,recall,duration
0.9620948740627098,0.9618579146842997,0.9632742382979095,4974.996405363083
