precision,accuracy,recall,duration
0.7175789783417286,0.9154714050794811,0.6160609081513545,2711.0011174678802
