precision,accuracy,recall,duration
0.9524071627704999,0.9490971241732927,0.948403593174771,693.6473498344421
