precision,accuracy,recall,duration
0.7839981576239619,0.773946093276802,0.767484479262559,1108.6099107265472
