precision,accuracy,recall,duration
0.8288130024132607,0.8014678106955911,0.8087941157389538,6955.858024597168
