precision,accuracy,recall,duration
0.5910448501243647,0.5045028146634154,0.4738622216771174,615.749058008194
