loss,accuracy,val_loss,val_accuracy,lr
0.28558534383773804,0.8758033514022827,0.3369331657886505,0.8509328365325928,0.0010000000474974513
0.27658140659332275,0.8803236484527588,0.48405370116233826,0.799855649471283,0.0010000000474974513
0.2667756676673889,0.8850195407867432,0.32571208477020264,0.8556135296821594,0.0010000000474974513
0.25833502411842346,0.8889137506484985,0.3238208591938019,0.8562887907028198,0.0010000000474974513
0.24920445680618286,0.893753707408905,0.30253586173057556,0.8733432292938232,0.0010000000474974513
