loss,accuracy,val_loss,val_accuracy,lr
0.6118243932723999,0.7453522086143494,0.5993530750274658,0.753188967704773,0.0010000000474974513
0.5980063080787659,0.7531391978263855,0.5876773595809937,0.7600272297859192,0.0010000000474974513
0.587152361869812,0.7592150568962097,0.5788922309875488,0.764509379863739,0.0010000000474974513
0.5781659483909607,0.7638501524925232,0.6074925661087036,0.7463749051094055,0.0010000000474974513
0.5704305768013,0.7678863406181335,0.560818612575531,0.7739461064338684,0.0010000000474974513
