loss,accuracy,val_loss,val_accuracy,lr
0.5074873566627502,0.8650823831558228,0.5035765767097473,0.8657124042510986,0.0010000000474974513
