loss,accuracy,val_loss,val_accuracy,lr
0.009054288268089294,0.9967494606971741,0.047563012689352036,0.9879513382911682,0.0010000000474974513
0.00801970437169075,0.9971379041671753,0.0507490336894989,0.9893792867660522,0.0010000000474974513
0.007301041390746832,0.9973468780517578,0.04793139919638634,0.9877971410751343,0.0010000000474974513
0.006666506640613079,0.9976034164428711,0.05985679849982262,0.9895862340927124,0.0010000000474974513
0.0062852706760168076,0.9977697730064392,0.05468092858791351,0.9896470308303833,0.0010000000474974513
