loss,accuracy,val_loss,val_accuracy,lr
0.09400742501020432,0.9740239381790161,0.09934394806623459,0.9730578660964966,0.0010000000474974513
