loss,accuracy,val_loss,val_accuracy,lr
0.7563028335571289,0.6632825136184692,6.492086887359619,0.33323416113853455,0.0010000000474974513
0.6945703625679016,0.69903564453125,6.325118064880371,0.2948809862136841,0.0010000000474974513
0.6707002520561218,0.7115074992179871,2.954038143157959,0.5045028328895569,0.0010000000474974513
