loss,accuracy,val_loss,val_accuracy,lr
0.41328293085098267,0.8834480047225952,0.4309256672859192,0.8806132674217224,0.0010000000474974513
