loss,accuracy,val_loss,val_accuracy,lr
0.057405032217502594,0.9832208752632141,0.06526950746774673,0.9812906384468079,0.0010000000474974513
