loss,accuracy,val_loss,val_accuracy,lr
0.06555672734975815,0.9788552522659302,0.05026479437947273,0.9830995798110962,0.0010000000474974513
0.03712642192840576,0.9889114499092102,0.041466280817985535,0.986984372138977,0.0010000000474974513
0.031832005828619,0.9904791116714478,0.030648542568087578,0.991710364818573,0.0010000000474974513
