loss,accuracy,val_loss,val_accuracy,lr
0.6149520874023438,0.6315932869911194,0.6052032709121704,0.6438774466514587,0.0010000000474974513
